,user_input,output_text,finish_reason,readability,correct,user_feedback,user_feedback_score
0,"What is the answer to this question? question: What are plants that grow where people don't want them to and can take up space and use resources which hinders growth of more desirable plants?, answer: ","The answer to the question is ""Weeds"".",stop,89.75,True,"Yes, that is correct! Short and clear answer. 9",9
1,"What is the answer to this question? question: Chemical reactions either require or release what?, answer: ",Chemical reactions either require or release energy.,stop,5.15,True,Great job! Your answer is clear and concise. 10,10
2,"What is the answer to this question? question: How close a measurement is to the correct value for that measurement is known as what?, answer: ",The closeness of a measurement to the correct value for that measurement is known as accuracy.,stop,55.24,True,Great job! Your answer is clear and accurate. 10,10
3,"What is the answer to this question? question: What is a common chemical substance on planet earth?, answer: ","The answer to the question ""What is a common chemical substance on planet earth?"" is ""Water"". Water (H2O) is a chemical substance that is essential for life on Earth and is found in abundance in oceans, rivers, lakes, and in the atmosphere as water vapor.",stop,65.56,True,Your answer is correct and informative. 10,10
4,"What is the answer to this question? question: In celsius, what is the boiling point of water?, answer: ","In Celsius, the boiling point of water is 100 degrees.",stop,78.25,False,Thank you for your answer! It is correct and makes sense. 10.,10
5,"What is the answer to this question? question: What happens when turgid cells in a nonwoody tissue push against each other?, answer: ","When turgid cells in a nonwoody tissue push against each other, it creates a pressure known as turgor pressure. Turgor pressure is important for maintaining the structural rigidity of nonwoody plant tissues, such as leaves and stems. This pressure helps the plant to maintain its shape, and also plays a role in the movement of water and nutrients throughout the plant. When a plant is wilting or dehydrated, it is often due to a lack of turgor pressure within its cells.",stop,67.79,False,Great explanation! That answer makes perfect sense. 10,10
6,"What is the answer to this question? question: Kinetic and potential are two forms of what?, answer: ",Energy.,stop,-47.99,True,Thank you for your response. That answer is correct and makes sense. 10,10
7,"What is the answer to this question? question: Instruments that measure the angle of the slope of a volcano are called what?, answer: ",Instruments that measure the angle of the slope of a volcano are called clinometers or inclinometers.,stop,55.24,False,Thank you for your clear and concise answer. It makes sense. 10.,10
8,"What is the answer to this question? question: What is the general name for saturated hydrocarbons?, answer: ",The general name for saturated hydrocarbons is Alkanes.,stop,21.06,True,Great job! Your answer clearly and accurately responds to the question. 10,10
9,"What is the answer to this question? question: Vascular plants evolved what basic structures to collect sunlight?, answer: ","The basic structures that vascular plants evolved to collect sunlight are called leaves. Leaves contain chlorophyll, which is the pigment responsible for capturing light energy during photosynthesis, the process by which plants produce their food. Leaves are connected to the stem through veins that contain xylem and phloem, allowing water and nutrients to be transported to and from the leaves.",stop,59.64,True,"Thank you for the clear and accurate answer, it makes perfect sense. 10",10
10,"What is the answer to this question? question: Crossing charges is one method for obtaining what?, answer: ","I'm sorry but the question, ""Crossing charges is one method for obtaining what?"" seems unclear and incomplete. Could you please provide me with more context or information to properly answer your question?",stop,69.07,False,"Great job, your response shows that the question is not clear and requires more information to be properly answered. 10",10
11,"What is the answer to this question? question: The oxidation of an alcohol can produce either an aldehyde or what?, answer: ",The oxidation of an alcohol can produce either an aldehyde or a carboxylic acid. The product depends on the reaction conditions and the type of alcohol being oxidized.,stop,48.81,False,Your answer is clear and comprehensive. It makes sense. 10,10
12,"What is the answer to this question? question: What are the main organs for breathing in a mammal?, answer: ",The main organs for breathing in a mammal are the lungs. Lungs are a pair of spongy organs located on either side of the chest that help to inhale oxygen and exhale carbon dioxide.,stop,71.14,True,Great answer! It’s clear and concise. 9.,9
13,"What is the answer to this question? question: What type of generations do plants alternate between during a life cycle?, answer: ","Plants alternate between two different generations during their life cycle: the sporophyte generation and the gametophyte generation. In sporophyte generation, the plant produces spores through meiosis, which will later develop into gametophytes. In gametophyte generation, the plant produces gametes through mitosis, which will then fuse to form the next sporophyte generation. This process is known as alternation of generations.",stop,31.07,False,The answer is clear and well-explained. It makes sense and addresses the question thoroughly. Good job!  10,10
14,"What is the answer to this question? question: What is the shape of the thyroid gland?, answer: ","The thyroid gland is butterfly-shaped, with two lobes on either side of the windpipe.",stop,74.19,True,"Great answer, it is accurate and concise. 10",10
15,"What is the answer to this question? question: With a shape that specially suits its function of sending nerve signals to other cells, the human nerve cell is an example of what?, answer: ","The answer is ""neuron"" or ""nerve cell"".",stop,89.75,False,"Yes, that answer makes sense and is correct. 10",10
16,"What is the answer to this question? question: Kilauea in hawaii is the world’s most continuously active volcano. very active volcanoes characteristically eject red-hot rocks and lava rather than this?, answer: ","The answer to the question is missing, it is not provided. Can you please provide me with the complete question along with all the options so that I can help you accurately?",stop,72.16,False,"I apologize for the confusion in my initial response. Here's the completed question along with the answer: 

Question: Kilauea in Hawaii is the world's most continuously active volcano. Very active volcanoes characteristically eject red-hot rocks and lava rather than what?

Answer: Very active volcanoes characteristically eject red-hot rocks and lava rather than explosive ash plumes.",-1
17,"What is the answer to this question? question: What kind of lakes form when volcanic eruptions create holes that fill with water?, answer: ","The lakes that form when volcanic eruptions create holes that fill with water are called volcanic crater lakes. These lakes are usually small and circular, and they form inside the crater of dormant or extinct volcanoes, or in the caldera of a collapsed volcano. Some examples of volcanic crater lakes are Lake Taal in the Philippines, Lake Toba in Indonesia, and Crater Lake in the United States.",stop,65.76,True,"The answer is clear and well-written, and it provides good examples. 9",9
18,"What is the answer to this question? question: Electric generators convert what type of energy to electric energy?, answer: ","Electric generators convert mechanical energy to electrical energy. This is typically done using a turbine or other mechanism to turn a coil of wire within a magnetic field, inducing an electrical current in the wire. The mechanical energy can come from a variety of sources, including steam, flowing water, wind, or the movement of a gas or liquid.",stop,43.43,True,Great answer! It is clear and concise. 10.,10
19,"What is the answer to this question? question: What term is defined as the area where a species lives and to which it has become adapted?, answer: ","The answer to the question is ""habitat"".",stop,81.29,True,"Great, that is a clear and concise answer. 10",10
20,"What is the answer to this question? question: Many glasses eventually crystallize, rendering them brittle and this?, answer: ","The rest of the statement or question is missing, so I cannot provide a complete answer. However, I can provide a partial answer. When glasses eventually crystallize, it makes them brittle and prone to fracturing or breaking easily.",stop,58.58,False,Your answer is logical and makes sense in the context. Well done! 9,9
21,"What is the answer to this question? question: The most common curved mirrors are what?, answer: ","The most common curved mirrors are concave and convex mirrors. Concave mirrors curve inward and can focus light to a point, while convex mirrors curve outward and can reflect light outwards to create a wider field of view.",stop,69.11,False,Great job! Your answer is clear and accurate. It makes perfect sense. 10,10
22,"What is the answer to this question? question: Mineral crystals that form when magma cools are usually _______ than crystals that form when lava cools., answer: ",larger.,stop,36.62,True,Your answer is clear and directly addresses the question. Good job! 9,9
23,"What is the answer to this question? question: Tubeworms deep in the galapagos rift get their energy from what type of bacteria?, answer: ","Tubeworms deep in the Galapagos Rift get their energy from chemosynthetic bacteria. These bacteria are able to convert chemicals found in the hydrothermal vents of the rift into organic nutrients, which serves as the primary source of nutrition for the tubeworms. Chemosynthesis is a process similar to photosynthesis, but instead of using sunlight to generate energy, it uses chemicals.",stop,34.56,True,"Great answer, it is clear and concise! 10",10
24,"What is the answer to this question? question: The rate of the accumulation of neutral what serves as a type of population-based biological clock?, answer: ","The answer to the question is ""mutations"". Mutations accumulate neutrally over time and can serve as a molecular clock for population genetics and evolutionary biology in studying genetic variation and relationships between populations.",stop,12.43,False,"Great, the answer is clear and informative. 10",10
25,"What is the answer to this question? question: What process converts the sun's hydrogen nuclei into helium?, answer: ","The process that converts the sun's hydrogen nuclei into helium is called nuclear fusion. It occurs in the sun's core, where the high temperature and pressure cause hydrogen atoms to fuse together, forming helium and releasing energy in the form of light and heat.",stop,49.15,True,"Great job, the answer is clear and straightforward. 10",10
26,"What is the answer to this question? question: What are the most numerous and diverse biochemical compounds?, answer: ","The answer to the question ""What are the most numerous and diverse biochemical compounds?"" is biological macromolecules, which include carbohydrates, lipids, proteins, and nucleic acids. These macromolecules are the building blocks of life and are essential for the functioning of cells and organisms.",stop,48.5,True,Great response! You provided a clear and accurate answer. 10,10
27,"What is the answer to this question? question: Transform faults are the site of massive what?, answer: ",There is no specific answer to this question as it is incomplete. The question asks for a missing piece of information. Please provide the complete question so I can assist you better.,stop,69.07,False,Your answer is clear and well-explained. 10,10
28,"What is the answer to this question? question: What is the metabolic process by which cells obtain energy by “burning” glucose?, answer: ","The metabolic process by which cells obtain energy by ""burning"" glucose is called cellular respiration.",stop,39.33,True,"Yes, that is a clear and accurate answer to the question. 10.",10
29,"What is the answer to this question? question: What is a three dimensional snycline?, answer: ","I'm sorry, but the answer is incomplete. A syncline is a fold in rock layers that are concave downward, meaning the youngest rock layers are found in the core of the fold. A three-dimensional syncline is a syncline that extends in three dimensions (height, length, and width) and can form part of a mountain range or other topographic features. It is characterized by a series of rock layers that curve downward in a basin-like shape.",stop,69.31,True,"Thank you for providing a clear and informative answer, that makes perfect sense! 10",10
30,"What is the answer to this question? question: What are the only living organisms that can make their own food?, answer: ","The answer is plants. They are the only living organisms that are capable of producing their own food through the process of photosynthesis. During the process, plants use sunlight, carbon dioxide, and water to produce glucose (a type of sugar) and oxygen. This ability of plants to produce their own food is what makes them the base of the food chain and a critical part of the ecosystem.",stop,71.14,True,Your answer is correct and well explained. 10,10
31,"What is the answer to this question? question: Beryllium, magnesium, calcium, strontium, and barium are classified as what type of metals?, answer: ","Beryllium, magnesium, calcium, strontium, and barium are classified as alkaline earth metals.",stop,8.53,True,Great! Your answer is clear and accurate. 10.,10
32,"What is the answer to this question? question: Molecular geometry is the three-dimensional arrangement of atoms in a what?, answer: ",Molecular geometry is the three-dimensional arrangement of atoms in a molecule.,stop,1.09,True,That's a clear and accurate answer! 10,10
33,"What is the answer to this question? question: How is blood supplied from the mother to the fetus?, answer: ","Blood is supplied from the mother to the fetus through the umbilical cord. The umbilical cord contains two arteries and one vein, which connect the fetus to the placenta. The mother's blood flows through the placenta and exchanges oxygen and nutrients with the fetal blood in the capillaries of the villi. The oxygen and nutrients then diffuse into the fetal blood, which is carried back to the fetus through the umbilical vein. The waste products from the fetal blood diffuse into the maternal blood, which is then carried away from the placenta.",stop,61.26,True,Your answer is correct and informative. Good job! 10,10
34,"What is the answer to this question? question: What do we call animals that have a backbone and belong to the phylum chordata?, answer: ",The answer is vertebrates.,stop,50.5,True,"Your answer is clear and accurate, great job! 10",10
35,"What is the answer to this question? question: Meters, such as those in analog fuel gauges on a car, are a common application of magnetic torque on a current-carrying what?, answer: ","Meters, such as those in analog fuel gauges on a car, are a common application of magnetic torque on a current-carrying COIL.",stop,49.15,False,Your answer is correct and clear. 10,10
36,"What is the answer to this question? question: What play several important roles in the human body?, answer: ","There are many things that play important roles in the human body, but some examples include: 

- Proteins: they are essential for growth and repair of tissues, and also function as enzymes, hormones, and molecules in cell signaling pathways. 
- Carbohydrates: they provide energy for the body and also serve as structural components in some tissues. 
- Lipids: they store energy, provide insulation, and are important components of cell membranes. 
- Vitamins and minerals: they are essential for many bodily functions, such as bone health, immune function, and maintaining healthy skin and eyes. 
- Water: it makes up a large portion of the body and is essential for many bodily functions, including transporting nutrients and waste products, regulating body temperature, and lubricating joints.",stop,39.06,True,That answer is well-written and informative. 9.,9
37,"What is the answer to this question? question: Which law relates the pressure, volume, and temperature of a gas?, answer: ","The ideal gas law relates the pressure, volume, and temperature of a gas. It is expressed mathematically as PV = nRT, where P is the pressure, V is the volume, n is the number of moles of the gas, R is the gas constant, and T is the temperature.",stop,64.04,False,"Great job, that answer is clear and accurate! 10",10
38,"What is the answer to this question? question: Different shapes often correlate with different what in cells?, answer: ","Different shapes often correlate with different functions in cells. The shape of a cell is determined by its organelles and cytoskeleton, and these structures specify the cell's function. For example, a nerve cell is long and thin to allow the communication of signals over long distances.",stop,55.95,True,"That answer is clear and makes sense, thank you! 10",10
39,"What is the answer to this question? question: What is the name for the energy required for an electron to be added to a neutral atom in its gaseous form?, answer: ","The name for the energy required for an electron to be added to a neutral atom in its gaseous form is ""electron affinity.""",stop,73.51,True,"That's a clear and accurate answer, great job! 10",10
40,"What is the answer to this question? question: What kind of a resource is soil, for human purposes?, answer: ","Soil is a natural resource that is of great importance for human purposes because it provides a medium for plant growth, which is essential for agriculture and food production. Soil also plays a crucial role in regulating the water cycle and the carbon cycle, as well as providing a habitat for a diverse range of organisms. Additionally, soil is used as a foundation material for construction and as a natural filter for wastewater treatment. Soil is, therefore, a valuable resource that we depend on for many aspects of our daily lives.",stop,48.33,False,Great answer! It is clear and provides good understanding of the significance of soil as a resource for human purposes. 10,10
41,"What is the answer to this question? question: Because they can cause diseases in plants, some parasitic fungi are considered what?, answer: ","Because they can cause diseases in plants, some parasitic fungi are considered plant pathogens.",stop,65.73,False,Your answer is correct and makes sense in the context of the question. Well done! 10,10
42,"What is the answer to this question? question: Lipids are biochemical compounds such as fats and?, answer: ",Lipids are biochemical compounds such as fats and oils.,stop,79.26,True,Your answer is correct and makes perfect sense. 10.,10
43,"What is the answer to this question? question: Predicting the possible genotypes and phenotypes from a genetic cross is often aided by a what?, answer: ",Predicting the possible genotypes and phenotypes from a genetic cross is often aided by a Punnett square.,stop,45.76,True,Great answer! It is correct and very clear. 10.,10
44,"What is the answer to this question? question: The movement of molten metal in earth's outer core creates?, answer: ","The movement of molten metal in Earth's outer core creates the Earth's magnetic field. The molten metal is primarily made of iron and nickel, which generate electrical currents as they move. These electrical currents create a magnetic field, which extends far out into space and provides a protective shield around the Earth, blocking harmful solar radiation and cosmic rays.",stop,51.48,True,Great answer! That makes perfect sense. 10,10
45,"What is the answer to this question? question: What causes a lot of geological activity on the earth?, answer: ","A lot of geological activity on Earth is caused by the movement and interaction of tectonic plates. The Earth's crust is divided into several major plates that move and interact with each other. This movement creates earthquakes, volcanic eruptions and other geological events. Additionally, processes such as erosion, weathering and glaciation can also contribute to geological activity on Earth.",stop,31.07,False,Great answer! It is clear and informative. 10,10
46,"What is the answer to this question? question: In mammals, the cells on the exterior form the trophectoderm, which goes on to form what?, answer: ","In mammals, the cells on the exterior form the trophectoderm, which goes on to form the placenta.",stop,62.68,False,"Great answer, it makes perfect sense! 10.",10
47,"What is the answer to this question? question: If the frequency of the electromagnetic wave is the same as the natural frequencies of the system, the transfer of what is much more efficient?, answer: ","If the frequency of the electromagnetic wave is the same as the natural frequencies of the system, the transfer of energy is much more efficient. This phenomenon is known as resonance. When the natural frequency of a system matches the frequency of an external force applied to it, the amplitude of the vibrations in the system increases, and energy transfer between the two systems becomes more efficient. This principle is used in many applications, such as radio antennas and musical instruments.",stop,42.41,True,Great job! That answer is accurate and easy to understand. 10,10
48,"What is the answer to this question? question: What temperature scale is obtained by adding 273 degrees from the corresponding celsius temperature?, answer: ",The temperature scale obtained by adding 273 degrees from the corresponding Celsius temperature is the Kelvin scale.,stop,45.76,True,"Great job! Your answer is clear, direct and correct. 10",10
49,"What is the answer to this question? question: What is necessary in a person who wishes to play wind instruments?, answer: ","A person who wishes to play wind instruments needs to have strong respiratory system and the ability to control their breathing effectively. They should also have adequate lung capacity and be able to produce the right amount of air pressure to create sound. Additionally, good oral and facial muscle coordination is necessary to play the instrument effectively.",stop,43.73,False,"The answer is clear and specific, and directly addresses the question. Well done! 9",9
